image,label
00002__Black_Footed_Albatross_0009_34.jpg,1
00004__Black_Footed_Albatross_0074_59.jpg,1
00005__Black_Footed_Albatross_0014_89.jpg,1
00007__Black_Footed_Albatross_0031_100.jpg,1
00008__Black_Footed_Albatross_0051_796103.jpg,1
00009__Black_Footed_Albatross_0010_796097.jpg,1
00011__Black_Footed_Albatross_0023_796059.jpg,1
00015__Black_Footed_Albatross_0040_796066.jpg,1
00018__Black_Footed_Albatross_0089_796069.jpg,1
00020__Black_Footed_Albatross_0067_170.jpg,1
00021__Black_Footed_Albatross_0060_796076.jpg,1
00023__Black_Footed_Albatross_0056_796078.jpg,1
00030__Black_Footed_Albatross_0080_796096.jpg,1
00031__Black_Footed_Albatross_0047_796064.jpg,1
00032__Black_Footed_Albatross_0017_796098.jpg,1
00035__Black_Footed_Albatross_0019_796104.jpg,1
00036__Black_Footed_Albatross_0057_796106.jpg,1
00037__Black_Footed_Albatross_0041_796108.jpg,1
00040__Black_Footed_Albatross_0071_796113.jpg,1
00041__Black_Footed_Albatross_0077_796114.jpg,1
00042__Black_Footed_Albatross_0032_796115.jpg,1
00043__Black_Footed_Albatross_0038_212.jpg,1
00046__Black_Footed_Albatross_0079_796122.jpg,1
00049__Black_Footed_Albatross_0036_796127.jpg,1
00051__Black_Footed_Albatross_0039_796132.jpg,1
00053__Black_Footed_Albatross_0068_796135.jpg,1
00055__Black_Footed_Albatross_0007_796138.jpg,1
00056__Black_Footed_Albatross_0069_796139.jpg,1
00058__Black_Footed_Albatross_0063_796141.jpg,1
00060__Black_Footed_Albatross_0081_426.jpg,1
00062__Laysan_Albatross_0003_1033.jpg,2
00064__Laysan_Albatross_0044_784.jpg,2
00066__Laysan_Albatross_0050_870.jpg,2
00067__Laysan_Albatross_0071_792.jpg,2
00069__Laysan_Albatross_0081_800.jpg,2
00072__Laysan_Albatross_0065_809.jpg,2
00073__Laysan_Albatross_0061_563.jpg,2
00074__Laysan_Albatross_0085_564.jpg,2
00075__Laysan_Albatross_0005_565.jpg,2
00077__Laysan_Albatross_0055_570.jpg,2
00078__Laysan_Albatross_0025_571.jpg,2
00080__Laysan_Albatross_0092_834.jpg,2
00081__Laysan_Albatross_0013_910.jpg,2
00084__Laysan_Albatross_0099_869.jpg,2
00086__Laysan_Albatross_0047_619.jpg,2
00089__Laysan_Albatross_0088_883.jpg,2
00096__Laysan_Albatross_0076_671.jpg,2
00097__Laysan_Albatross_0096_673.jpg,2
00099__Laysan_Albatross_0039_924.jpg,2
00102__Laysan_Albatross_0056_500.jpg,2
00104__Laysan_Albatross_0006_702.jpg,2
00105__Laysan_Albatross_0073_927.jpg,2
00109__Laysan_Albatross_0068_726.jpg,2
00110__Laysan_Albatross_0040_472.jpg,2
00111__Laysan_Albatross_0100_735.jpg,2
00113__Laysan_Albatross_0029_482.jpg,2
00115__Laysan_Albatross_0018_492.jpg,2
00116__Laysan_Albatross_0083_756.jpg,2
00117__Laysan_Albatross_0094_1013.jpg,2
00120__Laysan_Albatross_0051_1020.jpg,2
00121__Sooty_Albatross_0038_1065.jpg,3
00122__Sooty_Albatross_0031_1066.jpg,3
00123__Sooty_Albatross_0001_1071.jpg,3
00124__Sooty_Albatross_0016_1075.jpg,3
00125__Sooty_Albatross_0043_1076.jpg,3
00127__Sooty_Albatross_0077_1080.jpg,3
00128__Sooty_Albatross_0063_1101.jpg,3
00131__Sooty_Albatross_0070_796346.jpg,3
00136__Sooty_Albatross_0032_1149.jpg,3
00137__Sooty_Albatross_0034_1154.jpg,3
00138__Sooty_Albatross_0055_1160.jpg,3
00140__Sooty_Albatross_0045_1162.jpg,3
00141__Sooty_Albatross_0073_1171.jpg,3
00142__Sooty_Albatross_0074_1221.jpg,3
00143__Sooty_Albatross_0021_796339.jpg,3
00145__Sooty_Albatross_0064_796343.jpg,3
00148__Sooty_Albatross_0017_796349.jpg,3
00151__Sooty_Albatross_0075_796352.jpg,3
00152__Sooty_Albatross_0068_796353.jpg,3
00153__Sooty_Albatross_0057_796354.jpg,3
00158__Sooty_Albatross_0058_796360.jpg,3
00159__Sooty_Albatross_0025_796361.jpg,3
00160__Sooty_Albatross_0041_796364.jpg,3
00164__Sooty_Albatross_0072_796371.jpg,3
00166__Sooty_Albatross_0014_796373.jpg,3
00168__Sooty_Albatross_0040_796375.jpg,3
00172__Sooty_Albatross_0079_796389.jpg,3
00174__Sooty_Albatross_0019_796391.jpg,3
00176__Sooty_Albatross_0022_796398.jpg,3
00177__Sooty_Albatross_0023_796401.jpg,3
00181__Groove_Billed_Ani_0033_1494.jpg,4
00182__Groove_Billed_Ani_0069_1546.jpg,4
00184__Groove_Billed_Ani_0071_1559.jpg,4
00187__Groove_Billed_Ani_0105_1562.jpg,4
00188__Groove_Billed_Ani_0090_1567.jpg,4
00189__Groove_Billed_Ani_0019_1585.jpg,4
00194__Groove_Billed_Ani_0036_1604.jpg,4
00195__Groove_Billed_Ani_0085_1612.jpg,4
00196__Groove_Billed_Ani_0018_1613.jpg,4
00197__Groove_Billed_Ani_0007_1615.jpg,4
00202__Groove_Billed_Ani_0051_1650.jpg,4
00203__Groove_Billed_Ani_0015_1653.jpg,4
00204__Groove_Billed_Ani_0076_1661.jpg,4
00206__Groove_Billed_Ani_0002_1670.jpg,4
00209__Groove_Billed_Ani_0072_1696.jpg,4
00213__Groove_Billed_Ani_0047_1706.jpg,4
00215__Groove_Billed_Ani_0077_1724.jpg,4
00216__Groove_Billed_Ani_0091_1728.jpg,4
00218__Groove_Billed_Ani_0044_1731.jpg,4
00220__Groove_Billed_Ani_0023_1485.jpg,4
00221__Groove_Billed_Ani_0004_1528.jpg,4
00222__Groove_Billed_Ani_0056_1493.jpg,4
00224__Groove_Billed_Ani_0058_1751.jpg,4
00225__Groove_Billed_Ani_0027_1754.jpg,4
00227__Groove_Billed_Ani_0055_1501.jpg,4
00228__Groove_Billed_Ani_0065_1502.jpg,4
00230__Groove_Billed_Ani_0006_1763.jpg,4
00232__Groove_Billed_Ani_0061_1510.jpg,4
00235__Groove_Billed_Ani_0032_1776.jpg,4
00238__Groove_Billed_Ani_0012_1784.jpg,4
00241__Crested_Auklet_0061_794904.jpg,5
00242__Crested_Auklet_0018_1817.jpg,5
00243__Crested_Auklet_0010_794907.jpg,5
00245__Crested_Auklet_0029_1824.jpg,5
00247__Crested_Auklet_0013_794914.jpg,5
00248__Crested_Auklet_0047_794918.jpg,5
00249__Crested_Auklet_0005_794922.jpg,5
00250__Crested_Auklet_0019_794925.jpg,5
00253__Crested_Auklet_0032_794931.jpg,5
00254__Crested_Auklet_0057_794932.jpg,5
00256__Crested_Auklet_0045_794940.jpg,5
00257__Crested_Auklet_0001_794941.jpg,5
00258__Crested_Auklet_0039_794944.jpg,5
00261__Crested_Auklet_0052_794952.jpg,5
00262__Crested_Auklet_0012_794960.jpg,5
00263__Crested_Auklet_0003_794962.jpg,5
00264__Crested_Auklet_0033_794964.jpg,5
00266__Crested_Auklet_0062_794968.jpg,5
00267__Crested_Auklet_0073_785248.jpg,5
00268__Crested_Auklet_0067_785249.jpg,5
00269__Crested_Auklet_0066_785251.jpg,5
00270__Crested_Auklet_0076_785252.jpg,5
00272__Crested_Auklet_0071_785255.jpg,5
00273__Crested_Auklet_0077_785257.jpg,5
00274__Crested_Auklet_0069_785258.jpg,5
00275__Crested_Auklet_0075_785259.jpg,5
00276__Crested_Auklet_0072_785260.jpg,5
00278__Crested_Auklet_0063_794901.jpg,5
00280__Crested_Auklet_0030_794937.jpg,5
00281__Crested_Auklet_0040_794912.jpg,5
00283__Least_Auklet_0035_1888.jpg,6
00284__Least_Auklet_0050_1924.jpg,6
00285__Least_Auklet_0058_1931.jpg,6
00287__Least_Auklet_0016_1903.jpg,6
00288__Least_Auklet_0040_795100.jpg,6
00289__Least_Auklet_0015_795065.jpg,6
00290__Least_Auklet_0026_795066.jpg,6
00291__Least_Auklet_0043_795067.jpg,6
00293__Least_Auklet_0045_795069.jpg,6
00294__Least_Auklet_0008_795071.jpg,6
00295__Least_Auklet_0012_795074.jpg,6
00296__Least_Auklet_0018_795077.jpg,6
00297__Least_Auklet_0020_795080.jpg,6
00299__Least_Auklet_0017_795084.jpg,6
00301__Least_Auklet_0052_795088.jpg,6
00302__Least_Auklet_0027_795091.jpg,6
00303__Least_Auklet_0010_795092.jpg,6
00305__Least_Auklet_0060_795095.jpg,6
00306__Least_Auklet_0034_795096.jpg,6
00307__Least_Auklet_0042_1874.jpg,6
00310__Least_Auklet_0011_795109.jpg,6
00313__Least_Auklet_0030_795116.jpg,6
00316__Least_Auklet_0024_795120.jpg,6
00317__Least_Auklet_0029_795122.jpg,6
00318__Least_Auklet_0007_795123.jpg,6
00319__Least_Auklet_0057_795126.jpg,6
00320__Least_Auklet_0021_795127.jpg,6
00321__Least_Auklet_0054_795130.jpg,6
00322__Least_Auklet_0038_795132.jpg,6
00323__Least_Auklet_0063_795134.jpg,6
00324__Parakeet_Auklet_0004_795921.jpg,7
00326__Parakeet_Auklet_0027_795925.jpg,7
00327__Parakeet_Auklet_0056_795926.jpg,7
00328__Parakeet_Auklet_0012_795927.jpg,7
00331__Parakeet_Auklet_0007_795932.jpg,7
00332__Parakeet_Auklet_0041_795933.jpg,7
00333__Parakeet_Auklet_0035_795934.jpg,7
00334__Parakeet_Auklet_0038_795935.jpg,7
00335__Parakeet_Auklet_0069_795936.jpg,7
00336__Parakeet_Auklet_0073_795939.jpg,7
00338__Parakeet_Auklet_0036_795943.jpg,7
00339__Parakeet_Auklet_0028_795944.jpg,7
00341__Parakeet_Auklet_0043_795948.jpg,7
00342__Parakeet_Auklet_0045_795953.jpg,7
00345__Parakeet_Auklet_0047_795956.jpg,7
00347__Parakeet_Auklet_0062_795958.jpg,7
00349__Parakeet_Auklet_0042_795961.jpg,7
00353__Parakeet_Auklet_0080_795965.jpg,7
00355__Parakeet_Auklet_0065_795969.jpg,7
00358__Parakeet_Auklet_0001_795972.jpg,7
00359__Parakeet_Auklet_0059_795973.jpg,7
00361__Parakeet_Auklet_0025_795975.jpg,7
00362__Parakeet_Auklet_0074_795976.jpg,7
00364__Parakeet_Auklet_0048_795980.jpg,7
00366__Parakeet_Auklet_0003_795982.jpg,7
00367__Parakeet_Auklet_0032_795986.jpg,7
00368__Parakeet_Auklet_0019_795987.jpg,7
00374__Parakeet_Auklet_0076_796001.jpg,7
00375__Parakeet_Auklet_0078_2004.jpg,7
00376__Parakeet_Auklet_0024_2045.jpg,7
00377__Rhinoceros_Auklet_0028_2056.jpg,8
00378__Rhinoceros_Auklet_0020_2195.jpg,8
00379__Rhinoceros_Auklet_0021_2089.jpg,8
00380__Rhinoceros_Auklet_0043_2096.jpg,8
00385__Rhinoceros_Auklet_0023_797501.jpg,8
00388__Rhinoceros_Auklet_0016_2114.jpg,8
00390__Rhinoceros_Auklet_0030_797509.jpg,8
00392__Rhinoceros_Auklet_0006_797512.jpg,8
00393__Rhinoceros_Auklet_0019_797513.jpg,8
00395__Rhinoceros_Auklet_0032_797516.jpg,8
00396__Rhinoceros_Auklet_0018_797517.jpg,8
00397__Rhinoceros_Auklet_0031_797518.jpg,8
00398__Rhinoceros_Auklet_0026_797519.jpg,8
00399__Rhinoceros_Auklet_0029_797520.jpg,8
00400__Rhinoceros_Auklet_0007_797521.jpg,8
00401__Rhinoceros_Auklet_0014_797522.jpg,8
00402__Rhinoceros_Auklet_0024_797529.jpg,8
00403__Rhinoceros_Auklet_0011_797530.jpg,8
00404__Rhinoceros_Auklet_0008_797531.jpg,8
00406__Rhinoceros_Auklet_0050_797534.jpg,8
00409__Rhinoceros_Auklet_0013_797537.jpg,8
00411__Rhinoceros_Auklet_0009_797539.jpg,8
00413__Rhinoceros_Auklet_0049_797543.jpg,8
00414__Rhinoceros_Auklet_0038_797544.jpg,8
00415__Rhinoceros_Auklet_0010_797545.jpg,8
00416__Rhinoceros_Auklet_0017_2155.jpg,8
00417__Rhinoceros_Auklet_0015_2160.jpg,8
00418__Rhinoceros_Auklet_0012_2161.jpg,8
00421__Rhinoceros_Auklet_0033_2169.jpg,8
00423__Rhinoceros_Auklet_0005_2111.jpg,8
00426__Brewer_Blackbird_0139_2567.jpg,9
00427__Brewer_Blackbird_0140_2586.jpg,9
00428__Brewer_Blackbird_0082_2593.jpg,9
00429__Brewer_Blackbird_0135_2607.jpg,9
00431__Brewer_Blackbird_0095_2610.jpg,9
00432__Brewer_Blackbird_0035_2611.jpg,9
00433__Brewer_Blackbird_0111_2613.jpg,9
00436__Brewer_Blackbird_0087_2622.jpg,9
00437__Brewer_Blackbird_0026_2625.jpg,9
00441__Brewer_Blackbird_0142_2636.jpg,9
00444__Brewer_Blackbird_0078_2659.jpg,9
00446__Brewer_Blackbird_0014_2679.jpg,9
00452__Brewer_Blackbird_0032_2214.jpg,9
00456__Brewer_Blackbird_0109_2232.jpg,9
00460__Brewer_Blackbird_0018_2261.jpg,9
00461__Brewer_Blackbird_0030_2268.jpg,9
00464__Brewer_Blackbird_0103_2273.jpg,9
00465__Brewer_Blackbird_0074_2277.jpg,9
00466__Brewer_Blackbird_0002_2278.jpg,9
00467__Brewer_Blackbird_0115_2279.jpg,9
00469__Brewer_Blackbird_0131_2289.jpg,9
00470__Brewer_Blackbird_0064_2290.jpg,9
00471__Brewer_Blackbird_0132_2293.jpg,9
00474__Brewer_Blackbird_0045_2303.jpg,9
00476__Brewer_Blackbird_0097_2322.jpg,9
00477__Brewer_Blackbird_0133_2324.jpg,9
00478__Brewer_Blackbird_0070_2325.jpg,9
00479__Brewer_Blackbird_0116_2327.jpg,9
00481__Brewer_Blackbird_0112_2340.jpg,9
00482__Brewer_Blackbird_0079_2343.jpg,9
00484__Red_Winged_Blackbird_0091_4096.jpg,10
00485__Red_Winged_Blackbird_0059_4612.jpg,10
00486__Red_Winged_Blackbird_0054_4625.jpg,10
00489__Red_Winged_Blackbird_0079_4527.jpg,10
00490__Red_Winged_Blackbird_0075_4953.jpg,10
00491__Red_Winged_Blackbird_0005_5636.jpg,10
00495__Red_Winged_Blackbird_0049_5598.jpg,10
00496__Red_Winged_Blackbird_0023_5257.jpg,10
00497__Red_Winged_Blackbird_0093_5948.jpg,10
00500__Red_Winged_Blackbird_0060_4688.jpg,10
00502__Red_Winged_Blackbird_0061_4196.jpg,10
00504__Red_Winged_Blackbird_0101_6244.jpg,10
00505__Red_Winged_Blackbird_0028_4709.jpg,10
00507__Red_Winged_Blackbird_0001_3695.jpg,10
00511__Red_Winged_Blackbird_0012_6015.jpg,10
00515__Red_Winged_Blackbird_0046_4242.jpg,10
00518__Red_Winged_Blackbird_0032_4004.jpg,10
00520__Red_Winged_Blackbird_0040_4522.jpg,10
00523__Red_Winged_Blackbird_0014_3761.jpg,10
00524__Red_Winged_Blackbird_0021_3767.jpg,10
00527__Red_Winged_Blackbird_0081_6081.jpg,10
00529__Red_Winged_Blackbird_0052_5575.jpg,10
00530__Red_Winged_Blackbird_0096_5019.jpg,10
00531__Red_Winged_Blackbird_0066_5070.jpg,10
00533__Red_Winged_Blackbird_0020_4050.jpg,10
00535__Red_Winged_Blackbird_0085_5846.jpg,10
00537__Red_Winged_Blackbird_0025_5342.jpg,10
00539__Red_Winged_Blackbird_0105_4842.jpg,10
00541__Red_Winged_Blackbird_0044_5621.jpg,10
00542__Red_Winged_Blackbird_0055_4345.jpg,10
00544__Rusty_Blackbird_0086_6658.jpg,11
00545__Rusty_Blackbird_0113_6664.jpg,11
00547__Rusty_Blackbird_0054_6676.jpg,11
00549__Rusty_Blackbird_0016_6684.jpg,11
00552__Rusty_Blackbird_0091_6695.jpg,11
00554__Rusty_Blackbird_0031_6699.jpg,11
00555__Rusty_Blackbird_0019_6704.jpg,11
00557__Rusty_Blackbird_0085_6713.jpg,11
00559__Rusty_Blackbird_0076_6716.jpg,11
00561__Rusty_Blackbird_0087_6727.jpg,11
00562__Rusty_Blackbird_0122_6736.jpg,11
00564__Rusty_Blackbird_0073_6744.jpg,11
00566__Rusty_Blackbird_0023_6752.jpg,11
00568__Rusty_Blackbird_0017_6755.jpg,11
00570__Rusty_Blackbird_0114_6760.jpg,11
00574__Rusty_Blackbird_0011_7028.jpg,11
00575__Rusty_Blackbird_0102_6590.jpg,11
00576__Rusty_Blackbird_0006_6633.jpg,11
00577__Rusty_Blackbird_0001_6548.jpg,11
00581__Rusty_Blackbird_0036_6550.jpg,11
00587__Rusty_Blackbird_0107_6839.jpg,11
00588__Rusty_Blackbird_0074_6585.jpg,11
00591__Rusty_Blackbird_0009_6853.jpg,11
00593__Rusty_Blackbird_0108_6867.jpg,11
00595__Rusty_Blackbird_0033_6879.jpg,11
00596__Rusty_Blackbird_0101_6880.jpg,11
00598__Rusty_Blackbird_0048_6632.jpg,11
00599__Rusty_Blackbird_0093_6628.jpg,11
00600__Rusty_Blackbird_0121_6637.jpg,11
00601__Rusty_Blackbird_0032_6611.jpg,11
00605__Yellow_Headed_Blackbird_0074_8452.jpg,12
00606__Yellow_Headed_Blackbird_0031_8456.jpg,12
00607__Yellow_Headed_Blackbird_0095_8458.jpg,12
00611__Yellow_Headed_Blackbird_0086_8487.jpg,12
00612__Yellow_Headed_Blackbird_0057_8236.jpg,12
00613__Yellow_Headed_Blackbird_0082_8577.jpg,12
00614__Yellow_Headed_Blackbird_0008_8756.jpg,12
00617__Yellow_Headed_Blackbird_0017_8511.jpg,12
00619__Yellow_Headed_Blackbird_0025_8262.jpg,12
00620__Yellow_Headed_Blackbird_0041_8264.jpg,12
00621__Yellow_Headed_Blackbird_0018_8588.jpg,12
00625__Yellow_Headed_Blackbird_0040_7514.jpg,12
00626__Yellow_Headed_Blackbird_0026_8545.jpg,12
00628__Yellow_Headed_Blackbird_0020_8549.jpg,12
00629__Yellow_Headed_Blackbird_0091_8555.jpg,12
00630__Yellow_Headed_Blackbird_0083_8300.jpg,12
00631__Yellow_Headed_Blackbird_0062_8310.jpg,12
00633__Yellow_Headed_Blackbird_0089_8326.jpg,12
00635__Yellow_Headed_Blackbird_0077_8332.jpg,12
00636__Yellow_Headed_Blackbird_0003_8337.jpg,12
00639__Yellow_Headed_Blackbird_0058_8350.jpg,12
00641__Yellow_Headed_Blackbird_0087_8358.jpg,12
00642__Yellow_Headed_Blackbird_0038_8689.jpg,12
00645__Yellow_Headed_Blackbird_0007_8366.jpg,12
00647__Yellow_Headed_Blackbird_0072_8606.jpg,12
00648__Yellow_Headed_Blackbird_0051_8387.jpg,12
00652__Yellow_Headed_Blackbird_0056_8455.jpg,12
00653__Yellow_Headed_Blackbird_0070_8583.jpg,12
00655__Yellow_Headed_Blackbird_0084_8435.jpg,12
00657__Yellow_Headed_Blackbird_0073_8442.jpg,12
00660__Bobolink_0107_10252.jpg,13
00662__Bobolink_0104_10273.jpg,13
00663__Bobolink_0001_9261.jpg,13
00666__Bobolink_0102_10807.jpg,13
00667__Bobolink_0033_10809.jpg,13
00668__Bobolink_0094_9823.jpg,13
00669__Bobolink_0008_9289.jpg,13
00670__Bobolink_0099_9314.jpg,13
00671__Bobolink_0101_9811.jpg,13
00672__Bobolink_0050_9821.jpg,13
00677__Bobolink_0013_9367.jpg,13
00678__Bobolink_0065_9375.jpg,13
00680__Bobolink_0119_10430.jpg,13
00682__Bobolink_0052_9423.jpg,13
00685__Bobolink_0044_9990.jpg,13
00690__Bobolink_0092_10026.jpg,13
00691__Bobolink_0014_11055.jpg,13
00693__Bobolink_0019_10552.jpg,13
00694__Bobolink_0059_10041.jpg,13
00699__Bobolink_0002_11085.jpg,13
00701__Bobolink_0131_9578.jpg,13
00702__Bobolink_0064_10092.jpg,13
00706__Bobolink_0069_9085.jpg,13
00710__Bobolink_0133_9618.jpg,13
00712__Bobolink_0053_10166.jpg,13
00713__Bobolink_0124_10182.jpg,13
00715__Bobolink_0117_10215.jpg,13
00716__Bobolink_0032_10217.jpg,13
00717__Bobolink_0020_9194.jpg,13
00719__Bobolink_0047_9204.jpg,13
00720__Indigo_Bunting_0005_13832.jpg,14
00722__Indigo_Bunting_0002_12163.jpg,14
00725__Indigo_Bunting_0075_12835.jpg,14
00727__Indigo_Bunting_0028_12335.jpg,14
00729__Indigo_Bunting_0044_14389.jpg,14
00730__Indigo_Bunting_0017_11574.jpg,14
00732__Indigo_Bunting_0001_12469.jpg,14
00733__Indigo_Bunting_0066_12869.jpg,14
00734__Indigo_Bunting_0084_11848.jpg,14
00735__Indigo_Bunting_0049_13641.jpg,14
00736__Indigo_Bunting_0059_11596.jpg,14
00740__Indigo_Bunting_0080_13416.jpg,14
00741__Indigo_Bunting_0018_11883.jpg,14
00744__Indigo_Bunting_0056_12637.jpg,14
00746__Indigo_Bunting_0082_11907.jpg,14
00747__Indigo_Bunting_0004_13195.jpg,14
00748__Indigo_Bunting_0022_12781.jpg,14
00751__Indigo_Bunting_0076_12950.jpg,14
00754__Indigo_Bunting_0055_13473.jpg,14
00755__Indigo_Bunting_0041_13987.jpg,14
00756__Indigo_Bunting_0047_12966.jpg,14
00758__Indigo_Bunting_0034_12464.jpg,14
00760__Indigo_Bunting_0032_12215.jpg,14
00762__Indigo_Bunting_0026_11964.jpg,14
00768__Indigo_Bunting_0050_11811.jpg,14
00769__Indigo_Bunting_0039_12756.jpg,14
00770__Indigo_Bunting_0085_11991.jpg,14
00775__Indigo_Bunting_0006_14317.jpg,14
00776__Indigo_Bunting_0024_13523.jpg,14
00778__Indigo_Bunting_0003_13049.jpg,14
00780__Lazuli_Bunting_0073_14594.jpg,15
00781__Lazuli_Bunting_0074_14854.jpg,15
00782__Lazuli_Bunting_0102_14605.jpg,15
00784__Lazuli_Bunting_0034_14864.jpg,15
00788__Lazuli_Bunting_0089_14598.jpg,15
00789__Lazuli_Bunting_0004_14887.jpg,15
00790__Lazuli_Bunting_0080_14893.jpg,15
00791__Lazuli_Bunting_0027_14895.jpg,15
00792__Lazuli_Bunting_0041_15152.jpg,15
00793__Lazuli_Bunting_0061_15155.jpg,15
00794__Lazuli_Bunting_0009_15163.jpg,15
00798__Lazuli_Bunting_0010_14915.jpg,15
00801__Lazuli_Bunting_0095_14919.jpg,15
00806__Lazuli_Bunting_0067_14672.jpg,15
00807__Lazuli_Bunting_0008_15195.jpg,15
00810__Lazuli_Bunting_0015_14690.jpg,15
00812__Lazuli_Bunting_0045_14954.jpg,15
00813__Lazuli_Bunting_0107_14705.jpg,15
00814__Lazuli_Bunting_0081_14709.jpg,15
00816__Lazuli_Bunting_0054_14714.jpg,15
00818__Lazuli_Bunting_0086_14992.jpg,15
00819__Lazuli_Bunting_0046_14787.jpg,15
00822__Lazuli_Bunting_0105_15017.jpg,15
00823__Lazuli_Bunting_0031_15018.jpg,15
00828__Lazuli_Bunting_0055_15043.jpg,15
00829__Lazuli_Bunting_0082_15047.jpg,15
00833__Lazuli_Bunting_0014_14824.jpg,15
00834__Lazuli_Bunting_0039_15081.jpg,15
00835__Lazuli_Bunting_0020_14837.jpg,15
00836__Lazuli_Bunting_0087_15096.jpg,15
00841__Painted_Bunting_0039_15235.jpg,16
00843__Painted_Bunting_0050_16670.jpg,16
00845__Painted_Bunting_0061_16930.jpg,16
00853__Painted_Bunting_0025_16722.jpg,16
00855__Painted_Bunting_0079_15197.jpg,16
00856__Painted_Bunting_0091_15198.jpg,16
00857__Painted_Bunting_0100_16735.jpg,16
00859__Painted_Bunting_0073_16737.jpg,16
00860__Painted_Bunting_0005_15202.jpg,16
00861__Painted_Bunting_0028_15205.jpg,16
00862__Painted_Bunting_0034_15207.jpg,16
00863__Painted_Bunting_0055_15208.jpg,16
00864__Painted_Bunting_0071_15209.jpg,16
00865__Painted_Bunting_0093_15212.jpg,16
00867__Painted_Bunting_0076_16765.jpg,16
00870__Painted_Bunting_0087_15232.jpg,16
00871__Painted_Bunting_0096_15233.jpg,16
00872__Painted_Bunting_0070_16515.jpg,16
00873__Painted_Bunting_0066_15241.jpg,16
00874__Painted_Bunting_0099_16525.jpg,16
00875__Painted_Bunting_0006_15249.jpg,16
00877__Painted_Bunting_0084_16531.jpg,16
00879__Painted_Bunting_0046_16535.jpg,16
00881__Painted_Bunting_0086_16540.jpg,16
00884__Painted_Bunting_0036_16563.jpg,16
00888__Painted_Bunting_0001_16585.jpg,16
00889__Painted_Bunting_0083_16587.jpg,16
00891__Painted_Bunting_0056_16599.jpg,16
00894__Painted_Bunting_0060_15224.jpg,16
00895__Painted_Bunting_0002_16887.jpg,16
00898__Cardinal_0085_19162.jpg,17
00900__Cardinal_0094_17165.jpg,17
00902__Cardinal_0045_18021.jpg,17
00906__Cardinal_0054_19334.jpg,17
00907__Cardinal_0075_17946.jpg,17
00910__Cardinal_0066_17803.jpg,17
00912__Cardinal_0051_17223.jpg,17
00916__Cardinal_0019_17368.jpg,17
00917__Cardinal_0089_18005.jpg,17
00918__Cardinal_0025_17239.jpg,17
00920__Cardinal_0079_19044.jpg,17
00922__Cardinal_0029_17297.jpg,17
00923__Cardinal_0081_17291.jpg,17
00925__Cardinal_0007_18537.jpg,17
00926__Cardinal_0083_18042.jpg,17
00927__Cardinal_0020_18664.jpg,17
00928__Cardinal_0053_17541.jpg,17
00929__Cardinal_0028_18054.jpg,17
00931__Cardinal_0052_18334.jpg,17
00934__Cardinal_0084_17576.jpg,17
00935__Cardinal_0037_18092.jpg,17
00937__Cardinal_0056_18352.jpg,17
00939__Cardinal_0092_17591.jpg,17
00941__Cardinal_0039_17597.jpg,17
00943__Cardinal_0012_18638.jpg,17
00946__Cardinal_0104_17122.jpg,17
00947__Cardinal_0057_17128.jpg,17
00950__Cardinal_0060_17139.jpg,17
00951__Cardinal_0097_17396.jpg,17
00952__Cardinal_0002_18424.jpg,17
00954__Spotted_Catbird_0030_796801.jpg,18
00955__Spotted_Catbird_0012_796802.jpg,18
00956__Spotted_Catbird_0016_796803.jpg,18
00957__Spotted_Catbird_0004_796804.jpg,18
00959__Spotted_Catbird_0031_796806.jpg,18
00960__Spotted_Catbird_0041_796807.jpg,18
00963__Spotted_Catbird_0037_796810.jpg,18
00964__Spotted_Catbird_0039_796811.jpg,18
00965__Spotted_Catbird_0028_796813.jpg,18
00966__Spotted_Catbird_0045_796814.jpg,18
00967__Spotted_Catbird_0011_796815.jpg,18
00970__Spotted_Catbird_0025_796819.jpg,18
00972__Spotted_Catbird_0022_796821.jpg,18
00974__Spotted_Catbird_0006_796823.jpg,18
00975__Spotted_Catbird_0029_796825.jpg,18
00979__Spotted_Catbird_0047_19400.jpg,18
00980__Spotted_Catbird_0036_19406.jpg,18
00981__Spotted_Catbird_0005_19411.jpg,18
00982__Spotted_Catbird_0007_19424.jpg,18
00984__Spotted_Catbird_0013_19428.jpg,18
00985__Spotted_Catbird_0042_19430.jpg,18
00986__Spotted_Catbird_0010_19436.jpg,18
00987__Spotted_Catbird_0034_19437.jpg,18
00988__Spotted_Catbird_0019_796788.jpg,18
00989__Spotted_Catbird_0008_796789.jpg,18
00990__Spotted_Catbird_0024_796791.jpg,18
00991__Spotted_Catbird_0023_796793.jpg,18
00992__Spotted_Catbird_0020_796794.jpg,18
00994__Spotted_Catbird_0027_796796.jpg,18
00995__Spotted_Catbird_0001_796797.jpg,18
01000__Gray_Catbird_0067_21043.jpg,19
01002__Gray_Catbird_0127_20034.jpg,19
01004__Gray_Catbird_0048_20558.jpg,19
01007__Gray_Catbird_0111_19550.jpg,19
01008__Gray_Catbird_0023_20668.jpg,19
01010__Gray_Catbird_0134_20596.jpg,19
01015__Gray_Catbird_0074_19601.jpg,19
01017__Gray_Catbird_0080_20139.jpg,19
01019__Gray_Catbird_0131_19633.jpg,19
01020__Gray_Catbird_0141_21174.jpg,19
01022__Gray_Catbird_0055_20671.jpg,19
01023__Gray_Catbird_0100_20674.jpg,19
01024__Gray_Catbird_0107_20513.jpg,19
01026__Gray_Catbird_0001_20695.jpg,19
01027__Gray_Catbird_0063_20707.jpg,19
01029__Gray_Catbird_0015_21230.jpg,19
01032__Gray_Catbird_0091_20416.jpg,19
01034__Gray_Catbird_0050_20763.jpg,19
01037__Gray_Catbird_0094_21303.jpg,19
01039__Gray_Catbird_0117_21333.jpg,19
01040__Gray_Catbird_0125_19833.jpg,19
01042__Gray_Catbird_0042_20546.jpg,19
01045__Gray_Catbird_0103_20930.jpg,19
01048__Gray_Catbird_0045_20950.jpg,19
01049__Gray_Catbird_0090_21464.jpg,19
01051__Gray_Catbird_0027_20968.jpg,19
01052__Gray_Catbird_0118_20476.jpg,19
01053__Gray_Catbird_0006_20867.jpg,19
01055__Gray_Catbird_0126_19446.jpg,19
01056__Gray_Catbird_0129_20987.jpg,19
01058__Yellow_Breasted_Chat_0090_21931.jpg,20
01059__Yellow_Breasted_Chat_0073_21932.jpg,20
01060__Yellow_Breasted_Chat_0106_22032.jpg,20
01065__Yellow_Breasted_Chat_0089_21804.jpg,20
01067__Yellow_Breasted_Chat_0032_21823.jpg,20
01069__Yellow_Breasted_Chat_0005_21828.jpg,20
01073__Yellow_Breasted_Chat_0026_21845.jpg,20
01074__Yellow_Breasted_Chat_0044_22106.jpg,20
01078__Yellow_Breasted_Chat_0068_21860.jpg,20
01079__Yellow_Breasted_Chat_0058_21864.jpg,20
01080__Yellow_Breasted_Chat_0052_21866.jpg,20
01083__Yellow_Breasted_Chat_0071_22129.jpg,20
01085__Yellow_Breasted_Chat_0065_22137.jpg,20
01087__Yellow_Breasted_Chat_0039_21654.jpg,20
01088__Yellow_Breasted_Chat_0100_21913.jpg,20
01091__Yellow_Breasted_Chat_0103_21670.jpg,20
01093__Yellow_Breasted_Chat_0062_21673.jpg,20
01094__Yellow_Breasted_Chat_0101_21677.jpg,20
01098__Yellow_Breasted_Chat_0094_21693.jpg,20
01100__Yellow_Breasted_Chat_0102_21696.jpg,20
01101__Yellow_Breasted_Chat_0107_21698.jpg,20
01103__Yellow_Breasted_Chat_0012_21961.jpg,20
01106__Yellow_Breasted_Chat_0105_21714.jpg,20
01107__Yellow_Breasted_Chat_0075_21715.jpg,20
01110__Yellow_Breasted_Chat_0077_21986.jpg,20
01111__Yellow_Breasted_Chat_0098_21987.jpg,20
01112__Yellow_Breasted_Chat_0014_21970.jpg,20
01113__Yellow_Breasted_Chat_0033_21873.jpg,20
01114__Yellow_Breasted_Chat_0097_21748.jpg,20
01115__Yellow_Breasted_Chat_0013_22008.jpg,20
01120__Eastern_Towhee_0052_22558.jpg,21
01121__Eastern_Towhee_0101_22559.jpg,21
01122__Eastern_Towhee_0099_22566.jpg,21
01123__Eastern_Towhee_0068_22194.jpg,21
01124__Eastern_Towhee_0097_22580.jpg,21
01125__Eastern_Towhee_0124_22585.jpg,21
01126__Eastern_Towhee_0075_22588.jpg,21
01129__Eastern_Towhee_0074_22620.jpg,21
01130__Eastern_Towhee_0093_22621.jpg,21
01134__Eastern_Towhee_0126_22639.jpg,21
01135__Eastern_Towhee_0064_22649.jpg,21
01139__Eastern_Towhee_0054_22147.jpg,21
01140__Eastern_Towhee_0021_22152.jpg,21
01141__Eastern_Towhee_0042_22155.jpg,21
01145__Eastern_Towhee_0111_22168.jpg,21
01146__Eastern_Towhee_0007_22172.jpg,21
01147__Eastern_Towhee_0030_22693.jpg,21
01149__Eastern_Towhee_0120_22189.jpg,21
01151__Eastern_Towhee_0035_22223.jpg,21
01152__Eastern_Towhee_0117_22741.jpg,21
01155__Eastern_Towhee_0073_22247.jpg,21
01156__Eastern_Towhee_0050_22257.jpg,21
01157__Eastern_Towhee_0090_22273.jpg,21
01163__Eastern_Towhee_0002_22318.jpg,21
01165__Eastern_Towhee_0082_22330.jpg,21
01166__Eastern_Towhee_0013_22336.jpg,21
01167__Eastern_Towhee_0040_22341.jpg,21
01171__Eastern_Towhee_0027_22372.jpg,21
01173__Eastern_Towhee_0038_22399.jpg,21
01175__Eastern_Towhee_0079_22690.jpg,21
01181__Chuck_Will_Widow_0053_796953.jpg,22
01184__Chuck_Will_Widow_0012_796956.jpg,22
01185__Chuck_Will_Widow_0004_796957.jpg,22
01186__Chuck_Will_Widow_0007_796958.jpg,22
01187__Chuck_Will_Widow_0002_796959.jpg,22
01188__Chuck_Will_Widow_0017_796960.jpg,22
01189__Chuck_Will_Widow_0037_796961.jpg,22
01191__Chuck_Will_Widow_0026_796963.jpg,22
01194__Chuck_Will_Widow_0046_796966.jpg,22
01196__Chuck_Will_Widow_0008_796968.jpg,22
01197__Chuck_Will_Widow_0034_796969.jpg,22
01198__Chuck_Will_Widow_0057_796970.jpg,22
01201__Chuck_Will_Widow_0055_796973.jpg,22
01202__Chuck_Will_Widow_0016_796974.jpg,22
01203__Chuck_Will_Widow_0001_796975.jpg,22
01204__Chuck_Will_Widow_0040_796976.jpg,22
01205__Chuck_Will_Widow_0003_796977.jpg,22
01207__Chuck_Will_Widow_0023_796979.jpg,22
01208__Chuck_Will_Widow_0018_796980.jpg,22
01210__Chuck_Will_Widow_0059_796982.jpg,22
01213__Chuck_Will_Widow_0035_796985.jpg,22
01214__Chuck_Will_Widow_0006_796986.jpg,22
01219__Chuck_Will_Widow_0024_796993.jpg,22
01221__Chuck_Will_Widow_0048_796995.jpg,22
01222__Chuck_Will_Widow_0056_796996.jpg,22
01224__Chuck_Will_Widow_0005_796998.jpg,22
01227__Chuck_Will_Widow_0043_797001.jpg,22
01228__Chuck_Will_Widow_0049_22747.jpg,22
01229__Chuck_Will_Widow_0050_22750.jpg,22
01231__Chuck_Will_Widow_0054_22782.jpg,22
01232__Brandt_Cormorant_0029_23043.jpg,23
01233__Brandt_Cormorant_0014_23050.jpg,23
01236__Brandt_Cormorant_0072_23069.jpg,23
01238__Brandt_Cormorant_0025_22820.jpg,23
01239__Brandt_Cormorant_0016_23077.jpg,23
01241__Brandt_Cormorant_0067_23352.jpg,23
01242__Brandt_Cormorant_0021_23097.jpg,23
01245__Brandt_Cormorant_0038_23110.jpg,23
01246__Brandt_Cormorant_0074_22881.jpg,23
01248__Brandt_Cormorant_0087_23126.jpg,23
01250__Brandt_Cormorant_0013_23391.jpg,23
01251__Brandt_Cormorant_0070_23137.jpg,23
01252__Brandt_Cormorant_0044_22884.jpg,23
01253__Brandt_Cormorant_0017_23141.jpg,23
01256__Brandt_Cormorant_0009_22890.jpg,23
01259__Brandt_Cormorant_0083_23156.jpg,23
01260__Brandt_Cormorant_0022_23157.jpg,23
01263__Brandt_Cormorant_0045_22916.jpg,23
01270__Brandt_Cormorant_0015_23198.jpg,23
01274__Brandt_Cormorant_0075_22970.jpg,23
01276__Brandt_Cormorant_0082_22978.jpg,23
01277__Brandt_Cormorant_0032_22886.jpg,23
01278__Brandt_Cormorant_0006_22925.jpg,23
01279__Brandt_Cormorant_0023_23254.jpg,23
01280__Brandt_Cormorant_0035_23000.jpg,23
01282__Brandt_Cormorant_0080_23002.jpg,23
01286__Brandt_Cormorant_0063_22865.jpg,23
01287__Brandt_Cormorant_0068_23019.jpg,23
01288__Brandt_Cormorant_0076_23021.jpg,23
01290__Brandt_Cormorant_0062_23038.jpg,23
01291__Red_Faced_Cormorant_0053_796331.jpg,24
01294__Red_Faced_Cormorant_0072_796269.jpg,24
01296__Red_Faced_Cormorant_0040_796272.jpg,24
01298__Red_Faced_Cormorant_0002_796275.jpg,24
01299__Red_Faced_Cormorant_0050_796276.jpg,24
01300__Red_Faced_Cormorant_0042_796277.jpg,24
01302__Red_Faced_Cormorant_0049_796279.jpg,24
01303__Red_Faced_Cormorant_0007_796280.jpg,24
01307__Red_Faced_Cormorant_0034_23425.jpg,24
01308__Red_Faced_Cormorant_0065_796293.jpg,24
01309__Red_Faced_Cormorant_0035_796294.jpg,24
01310__Red_Faced_Cormorant_0048_796296.jpg,24
01311__Red_Faced_Cormorant_0056_796297.jpg,24
01312__Red_Faced_Cormorant_0061_796300.jpg,24
01314__Red_Faced_Cormorant_0037_796305.jpg,24
01318__Red_Faced_Cormorant_0046_23446.jpg,24
01320__Red_Faced_Cormorant_0009_796314.jpg,24
01322__Red_Faced_Cormorant_0052_796316.jpg,24
01324__Red_Faced_Cormorant_0070_796319.jpg,24
01326__Red_Faced_Cormorant_0028_796322.jpg,24
01327__Red_Faced_Cormorant_0017_796323.jpg,24
01328__Red_Faced_Cormorant_0045_796324.jpg,24
01329__Red_Faced_Cormorant_0030_796325.jpg,24
01331__Red_Faced_Cormorant_0064_23464.jpg,24
01332__Red_Faced_Cormorant_0036_796329.jpg,24
01334__Red_Faced_Cormorant_0073_796332.jpg,24
01336__Red_Faced_Cormorant_0032_796334.jpg,24
01337__Red_Faced_Cormorant_0062_796336.jpg,24
01338__Red_Faced_Cormorant_0033_796337.jpg,24
01340__Red_Faced_Cormorant_0060_23416.jpg,24
01343__Pelagic_Cormorant_0054_23812.jpg,25
01344__Pelagic_Cormorant_0083_23557.jpg,25
01346__Pelagic_Cormorant_0012_23565.jpg,25
01349__Pelagic_Cormorant_0084_23836.jpg,25
01353__Pelagic_Cormorant_0035_23849.jpg,25
01354__Pelagic_Cormorant_0088_23855.jpg,25
01355__Pelagic_Cormorant_0008_23602.jpg,25
01357__Pelagic_Cormorant_0017_23875.jpg,25
01358__Pelagic_Cormorant_0062_23623.jpg,25
01360__Pelagic_Cormorant_0085_23821.jpg,25
01361__Pelagic_Cormorant_0037_23889.jpg,25
01362__Pelagic_Cormorant_0080_23890.jpg,25
01363__Pelagic_Cormorant_0100_23894.jpg,25
01365__Pelagic_Cormorant_0064_23641.jpg,25
01366__Pelagic_Cormorant_0038_23643.jpg,25
01368__Pelagic_Cormorant_0011_23667.jpg,25
01369__Pelagic_Cormorant_0029_23545.jpg,25
01370__Pelagic_Cormorant_0055_23415.jpg,25
01374__Pelagic_Cormorant_0024_23712.jpg,25
01375__Pelagic_Cormorant_0044_23536.jpg,25
01377__Pelagic_Cormorant_0047_23718.jpg,25
01378__Pelagic_Cormorant_0086_23719.jpg,25
01380__Pelagic_Cormorant_0093_23722.jpg,25
01381__Pelagic_Cormorant_0018_23880.jpg,25
01383__Pelagic_Cormorant_0057_24002.jpg,25
01384__Pelagic_Cormorant_0053_23760.jpg,25
01389__Pelagic_Cormorant_0019_23546.jpg,25
01398__Pelagic_Cormorant_0026_23792.jpg,25
01401__Pelagic_Cormorant_0022_23802.jpg,25
01402__Pelagic_Cormorant_0061_23548.jpg,25
01403__Bronzed_Cowbird_0027_24022.jpg,26
01404__Bronzed_Cowbird_0057_24074.jpg,26
01405__Bronzed_Cowbird_0012_796247.jpg,26
01406__Bronzed_Cowbird_0055_24076.jpg,26
01407__Bronzed_Cowbird_0085_24152.jpg,26
01408__Bronzed_Cowbird_0060_24082.jpg,26
01414__Bronzed_Cowbird_0092_796215.jpg,26
01415__Bronzed_Cowbird_0052_796216.jpg,26
01417__Bronzed_Cowbird_0001_796219.jpg,26
01418__Bronzed_Cowbird_0089_796220.jpg,26
01420__Bronzed_Cowbird_0056_796222.jpg,26
01426__Bronzed_Cowbird_0040_24134.jpg,26
01428__Bronzed_Cowbird_0032_796233.jpg,26
01429__Bronzed_Cowbird_0011_24138.jpg,26
01436__Bronzed_Cowbird_0002_796244.jpg,26
01438__Bronzed_Cowbird_0008_796250.jpg,26
01439__Bronzed_Cowbird_0054_24159.jpg,26
01440__Bronzed_Cowbird_0029_796256.jpg,26
01441__Bronzed_Cowbird_0086_796259.jpg,26
01444__Bronzed_Cowbird_0053_24170.jpg,26
01445__Bronzed_Cowbird_0005_24173.jpg,26
01447__Bronzed_Cowbird_0090_24179.jpg,26
01452__Bronzed_Cowbird_0018_24140.jpg,26
01453__Bronzed_Cowbird_0017_24019.jpg,26
01455__Bronzed_Cowbird_0039_24026.jpg,26
01456__Bronzed_Cowbird_0014_24030.jpg,26
01458__Bronzed_Cowbird_0009_24033.jpg,26
01459__Bronzed_Cowbird_0044_24145.jpg,26
01460__Bronzed_Cowbird_0074_24045.jpg,26
01461__Bronzed_Cowbird_0023_24058.jpg,26
01464__Shiny_Cowbird_0019_24323.jpg,27
01465__Shiny_Cowbird_0055_24331.jpg,27
01466__Shiny_Cowbird_0075_24335.jpg,27
01468__Shiny_Cowbird_0026_796847.jpg,27
01469__Shiny_Cowbird_0069_24351.jpg,27
01470__Shiny_Cowbird_0066_24358.jpg,27
01472__Shiny_Cowbird_0076_24363.jpg,27
01474__Shiny_Cowbird_0040_24379.jpg,27
01475__Shiny_Cowbird_0002_24380.jpg,27
01476__Shiny_Cowbird_0086_24386.jpg,27
01484__Shiny_Cowbird_0010_24439.jpg,27
01486__Shiny_Cowbird_0025_24444.jpg,27
01488__Shiny_Cowbird_0047_24210.jpg,27
01489__Shiny_Cowbird_0014_24214.jpg,27
01491__Shiny_Cowbird_0070_796832.jpg,27
01493__Shiny_Cowbird_0083_796834.jpg,27
01499__Shiny_Cowbird_0044_24239.jpg,27
01500__Shiny_Cowbird_0064_796848.jpg,27
01501__Shiny_Cowbird_0034_796849.jpg,27
01504__Shiny_Cowbird_0017_796853.jpg,27
01505__Shiny_Cowbird_0045_796856.jpg,27
01508__Shiny_Cowbird_0001_796860.jpg,27
01509__Shiny_Cowbird_0006_796864.jpg,27
01510__Shiny_Cowbird_0063_24259.jpg,27
01511__Shiny_Cowbird_0021_796870.jpg,27
01512__Shiny_Cowbird_0061_796874.jpg,27
01514__Shiny_Cowbird_0062_24271.jpg,27
01515__Shiny_Cowbird_0077_24273.jpg,27
01516__Shiny_Cowbird_0036_24274.jpg,27
01519__Shiny_Cowbird_0024_24281.jpg,27
01523__Brown_Creeper_0042_24578.jpg,28
01527__Brown_Creeper_0061_24601.jpg,28
01528__Brown_Creeper_0106_24617.jpg,28
01530__Brown_Creeper_0103_24632.jpg,28
01532__Brown_Creeper_0114_24649.jpg,28
01533__Brown_Creeper_0127_24656.jpg,28
01535__Brown_Creeper_0053_24451.jpg,28
01537__Brown_Creeper_0063_24724.jpg,28
01540__Brown_Creeper_0074_24789.jpg,28
01541__Brown_Creeper_0032_24800.jpg,28
01543__Brown_Creeper_0002_24838.jpg,28
01544__Brown_Creeper_0064_24840.jpg,28
01547__Brown_Creeper_0110_24866.jpg,28
01548__Brown_Creeper_0007_24902.jpg,28
01549__Brown_Creeper_0049_24911.jpg,28
01552__Brown_Creeper_0058_24933.jpg,28
01554__Brown_Creeper_0023_24940.jpg,28
01557__Brown_Creeper_0120_24955.jpg,28
01562__Brown_Creeper_0083_24967.jpg,28
01564__Brown_Creeper_0048_24976.jpg,28
01565__Brown_Creeper_0072_24977.jpg,28
01567__Brown_Creeper_0047_24984.jpg,28
01569__Brown_Creeper_0125_24995.jpg,28
01571__Brown_Creeper_0115_24488.jpg,28
01572__Brown_Creeper_0059_25010.jpg,28
01573__Brown_Creeper_0118_24500.jpg,28
01574__Brown_Creeper_0100_24502.jpg,28
01578__Brown_Creeper_0043_24549.jpg,28
01579__Brown_Creeper_0113_24560.jpg,28
01581__Brown_Creeper_0121_24574.jpg,28
01582__American_Crow_0117_25090.jpg,29
01584__American_Crow_0119_25610.jpg,29
01585__American_Crow_0020_25618.jpg,29
01586__American_Crow_0016_25112.jpg,29
01587__American_Crow_0136_25117.jpg,29
01588__American_Crow_0101_25118.jpg,29
01589__American_Crow_0002_25122.jpg,29
01590__American_Crow_0109_25123.jpg,29
01591__American_Crow_0111_25127.jpg,29
01592__American_Crow_0003_25130.jpg,29
01595__American_Crow_0113_25149.jpg,29
01598__American_Crow_0130_25163.jpg,29
01599__American_Crow_0093_25694.jpg,29
01601__American_Crow_0132_25704.jpg,29
01603__American_Crow_0068_25198.jpg,29
01604__American_Crow_0116_25199.jpg,29
01608__American_Crow_0134_25206.jpg,29
01617__American_Crow_0012_25305.jpg,29
01619__American_Crow_0036_25313.jpg,29
01620__American_Crow_0081_25837.jpg,29
01621__American_Crow_0074_25350.jpg,29
01622__American_Crow_0107_25353.jpg,29
01623__American_Crow_0124_25356.jpg,29
01624__American_Crow_0047_25397.jpg,29
01632__American_Crow_0025_25522.jpg,29
01635__American_Crow_0039_25061.jpg,29
01637__American_Crow_0094_25576.jpg,29
01638__American_Crow_0102_25066.jpg,29
01639__American_Crow_0062_25587.jpg,29
01641__American_Crow_0059_25599.jpg,29
01642__Fish_Crow_0068_25859.jpg,30
01645__Fish_Crow_0011_25866.jpg,30
01647__Fish_Crow_0017_26127.jpg,30
01650__Fish_Crow_0078_26144.jpg,30
01653__Fish_Crow_0025_25893.jpg,30
01654__Fish_Crow_0081_25908.jpg,30
01657__Fish_Crow_0005_25912.jpg,30
01658__Fish_Crow_0033_25915.jpg,30
01663__Fish_Crow_0004_25936.jpg,30
01668__Fish_Crow_0083_25949.jpg,30
01669__Fish_Crow_0044_25964.jpg,30
01670__Fish_Crow_0028_25968.jpg,30
01671__Fish_Crow_0003_25970.jpg,30
01672__Fish_Crow_0076_25971.jpg,30
01674__Fish_Crow_0010_25836.jpg,30
01675__Fish_Crow_0058_25999.jpg,30
01676__Fish_Crow_0038_26000.jpg,30
01677__Fish_Crow_0069_26008.jpg,30
01680__Fish_Crow_0070_25504.jpg,30
01681__Fish_Crow_0007_26023.jpg,30
01684__Fish_Crow_0079_26030.jpg,30
01685__Fish_Crow_0001_26031.jpg,30
01686__Fish_Crow_0023_26037.jpg,30
01687__Fish_Crow_0049_26040.jpg,30
01688__Fish_Crow_0014_26041.jpg,30
01689__Fish_Crow_0060_26016.jpg,30
01690__Fish_Crow_0022_26062.jpg,30
01691__Fish_Crow_0024_26064.jpg,30
01699__Fish_Crow_0043_25847.jpg,30
01701__Fish_Crow_0016_25854.jpg,30
